year,day_type,cluster_name,hour,trip_starts,trip_ends,net_change,active_station_hours
2022,Weekday,Commercial & Employment Core,0,30379,32176,1797,28643
2022,Weekday,Commercial & Employment Core,1,16539,16989,450,18729
2022,Weekday,Commercial & Employment Core,2,10355,10383,28,12882
2022,Weekday,Commercial & Employment Core,3,5540,6023,483,8095
2022,Weekday,Commercial & Employment Core,4,5582,5118,-464,8274
2022,Weekday,Commercial & Employment Core,5,11718,9451,-2267,15355
2022,Weekday,Commercial & Employment Core,6,35681,29868,-5813,33185
2022,Weekday,Commercial & Employment Core,7,71322,61892,-9430,46637
2022,Weekday,Commercial & Employment Core,8,135848,123907,-11941,56429
2022,Weekday,Commercial & Employment Core,9,96538,109103,12565,52811
2022,Weekday,Commercial & Employment Core,10,72517,73083,566,47126
2022,Weekday,Commercial & Employment Core,11,82572,80298,-2274,48858
2022,Weekday,Commercial & Employment Core,12,102265,101977,-288,52940
2022,Weekday,Commercial & Employment Core,13,106569,107524,955,53919
2022,Weekday,Commercial & Employment Core,14,105789,104593,-1196,53595
2022,Weekday,Commercial & Employment Core,15,120272,119766,-506,56613
2022,Weekday,Commercial & Employment Core,16,157557,152097,-5460,60172
2022,Weekday,Commercial & Employment Core,17,225038,216416,-8622,63905
2022,Weekday,Commercial & Employment Core,18,203373,203771,398,62323
2022,Weekday,Commercial & Employment Core,19,157072,163366,6294,58464
2022,Weekday,Commercial & Employment Core,20,118536,123266,4730,53570
2022,Weekday,Commercial & Employment Core,21,95405,97239,1834,49121
2022,Weekday,Commercial & Employment Core,22,75573,76698,1125,44631
2022,Weekday,Commercial & Employment Core,23,57315,61089,3774,39603
2022,Weekday,Commuter-Heavy Transit Hub,0,1678,829,-849,1457
2022,Weekday,Commuter-Heavy Transit Hub,1,987,407,-580,912
2022,Weekday,Commuter-Heavy Transit Hub,2,572,304,-268,589
2022,Weekday,Commuter-Heavy Transit Hub,3,316,171,-145,377
2022,Weekday,Commuter-Heavy Transit Hub,4,159,458,299,508
2022,Weekday,Commuter-Heavy Transit Hub,5,179,1657,1478,1404
2022,Weekday,Commuter-Heavy Transit Hub,6,759,6917,6158,3137
2022,Weekday,Commuter-Heavy Transit Hub,7,2646,18015,15369,4296
2022,Weekday,Commuter-Heavy Transit Hub,8,4298,37766,33468,4821
2022,Weekday,Commuter-Heavy Transit Hub,9,4083,26724,22641,4380
2022,Weekday,Commuter-Heavy Transit Hub,10,4200,11757,7557,3836
2022,Weekday,Commuter-Heavy Transit Hub,11,6247,9189,2942,3922
2022,Weekday,Commuter-Heavy Transit Hub,12,9005,10328,1323,4216
2022,Weekday,Commuter-Heavy Transit Hub,13,8803,9723,920,4208
2022,Weekday,Commuter-Heavy Transit Hub,14,9538,8398,-1140,4204
2022,Weekday,Commuter-Heavy Transit Hub,15,14758,8849,-5909,4551
2022,Weekday,Commuter-Heavy Transit Hub,16,24709,9354,-15355,4865
2022,Weekday,Commuter-Heavy Transit Hub,17,31811,11382,-20429,4967
2022,Weekday,Commuter-Heavy Transit Hub,18,18875,9011,-9864,4651
2022,Weekday,Commuter-Heavy Transit Hub,19,11604,5972,-5632,4117
2022,Weekday,Commuter-Heavy Transit Hub,20,7036,3763,-3273,3355
2022,Weekday,Commuter-Heavy Transit Hub,21,4762,2718,-2044,2832
2022,Weekday,Commuter-Heavy Transit Hub,22,4042,2236,-1806,2579
2022,Weekday,Commuter-Heavy Transit Hub,23,3170,1672,-1498,2209
2022,Weekday,Leisure & Waterfront,0,3581,4057,476,3069
2022,Weekday,Leisure & Waterfront,1,1610,2067,457,1814
2022,Weekday,Leisure & Waterfront,2,889,1107,218,1038
2022,Weekday,Leisure & Waterfront,3,534,687,153,775
2022,Weekday,Leisure & Waterfront,4,490,726,236,846
2022,Weekday,Leisure & Waterfront,5,1247,2104,857,2282
2022,Weekday,Leisure & Waterfront,6,3229,3474,245,4255
2022,Weekday,Leisure & Waterfront,7,7699,6307,-1392,7135
2022,Weekday,Leisure & Waterfront,8,13165,12936,-229,9182
2022,Weekday,Leisure & Waterfront,9,9834,11184,1350,8368
2022,Weekday,Leisure & Waterfront,10,9290,10349,1059,7875
2022,Weekday,Leisure & Waterfront,11,12212,12951,739,8476
2022,Weekday,Leisure & Waterfront,12,16060,16571,511,9640
2022,Weekday,Leisure & Waterfront,13,18030,18805,775,10305
2022,Weekday,Leisure & Waterfront,14,20943,21272,329,10901
2022,Weekday,Leisure & Waterfront,15,23905,24337,432,11648
2022,Weekday,Leisure & Waterfront,16,28736,28688,-48,12815
2022,Weekday,Leisure & Waterfront,17,34973,38246,3273,14030
2022,Weekday,Leisure & Waterfront,18,37226,45220,7994,13950
2022,Weekday,Leisure & Waterfront,19,34118,38512,4394,12502
2022,Weekday,Leisure & Waterfront,20,28280,28477,197,10362
2022,Weekday,Leisure & Waterfront,21,20155,18893,-1262,8163
2022,Weekday,Leisure & Waterfront,22,15102,12086,-3016,6744
2022,Weekday,Leisure & Waterfront,23,11240,9277,-1963,5462
2022,Weekday,Residential & Inner-Suburban Feeder,0,4337,8832,4495,8008
2022,Weekday,Residential & Inner-Suburban Feeder,1,2091,4579,2488,4549
2022,Weekday,Residential & Inner-Suburban Feeder,2,1217,2504,1287,2720
2022,Weekday,Residential & Inner-Suburban Feeder,3,868,1448,580,1833
2022,Weekday,Residential & Inner-Suburban Feeder,4,1488,957,-531,2017
2022,Weekday,Residential & Inner-Suburban Feeder,5,4004,1609,-2395,4480
2022,Weekday,Residential & Inner-Suburban Feeder,6,12151,3896,-8255,10798
2022,Weekday,Residential & Inner-Suburban Feeder,7,28455,9267,-19188,19124
2022,Weekday,Residential & Inner-Suburban Feeder,8,54357,16864,-37493,24622
2022,Weekday,Residential & Inner-Suburban Feeder,9,29487,13620,-15867,19087
2022,Weekday,Residential & Inner-Suburban Feeder,10,18683,10726,-7957,15325
2022,Weekday,Residential & Inner-Suburban Feeder,11,19571,12232,-7339,16039
2022,Weekday,Residential & Inner-Suburban Feeder,12,22418,16880,-5538,17918
2022,Weekday,Residential & Inner-Suburban Feeder,13,21632,18932,-2700,18352
2022,Weekday,Residential & Inner-Suburban Feeder,14,21666,20036,-1630,18648
2022,Weekday,Residential & Inner-Suburban Feeder,15,24258,24023,-235,20383
2022,Weekday,Residential & Inner-Suburban Feeder,16,29982,34139,4157,23487
2022,Weekday,Residential & Inner-Suburban Feeder,17,41211,53391,12180,26689
2022,Weekday,Residential & Inner-Suburban Feeder,18,41433,53097,11664,25987
2022,Weekday,Residential & Inner-Suburban Feeder,19,32085,41788,9703,22929
2022,Weekday,Residential & Inner-Suburban Feeder,20,22792,32101,9309,19633
2022,Weekday,Residential & Inner-Suburban Feeder,21,16702,26002,9300,17064
2022,Weekday,Residential & Inner-Suburban Feeder,22,11953,20798,8845,14534
2022,Weekday,Residential & Inner-Suburban Feeder,23,9006,16610,7604,12245
2022,Weekend,Commercial & Employment Core,0,23929,24310,381,15415
2022,Weekend,Commercial & Employment Core,1,19865,18682,-1183,13763
2022,Weekend,Commercial & Employment Core,2,17215,15895,-1320,12692
2022,Weekend,Commercial & Employment Core,3,8940,9817,877,9339
2022,Weekend,Commercial & Employment Core,4,3976,4153,177,5250
2022,Weekend,Commercial & Employment Core,5,3026,2784,-242,4181
2022,Weekend,Commercial & Employment Core,6,5348,4398,-950,6702
2022,Weekend,Commercial & Employment Core,7,9929,8965,-964,10750
2022,Weekend,Commercial & Employment Core,8,16187,15110,-1077,14585
2022,Weekend,Commercial & Employment Core,9,27402,24849,-2553,18310
2022,Weekend,Commercial & Employment Core,10,37448,35523,-1925,20273
2022,Weekend,Commercial & Employment Core,11,47007,45400,-1607,21470
2022,Weekend,Commercial & Employment Core,12,54669,53360,-1309,22417
2022,Weekend,Commercial & Employment Core,13,60496,59243,-1253,22963
2022,Weekend,Commercial & Employment Core,14,63149,61305,-1844,23357
2022,Weekend,Commercial & Employment Core,15,64596,64032,-564,23484
2022,Weekend,Commercial & Employment Core,16,65547,65660,113,23606
2022,Weekend,Commercial & Employment Core,17,64303,65210,907,23107
2022,Weekend,Commercial & Employment Core,18,61084,62317,1233,22433
2022,Weekend,Commercial & Employment Core,19,52137,54944,2807,21302
2022,Weekend,Commercial & Employment Core,20,41747,44776,3029,19703
2022,Weekend,Commercial & Employment Core,21,34379,36728,2349,18192
2022,Weekend,Commercial & Employment Core,22,28570,29983,1413,16831
2022,Weekend,Commercial & Employment Core,23,24035,25559,1524,15379
2022,Weekend,Commuter-Heavy Transit Hub,0,1144,657,-487,786
2022,Weekend,Commuter-Heavy Transit Hub,1,830,493,-337,654
2022,Weekend,Commuter-Heavy Transit Hub,2,755,426,-329,598
2022,Weekend,Commuter-Heavy Transit Hub,3,376,204,-172,374
2022,Weekend,Commuter-Heavy Transit Hub,4,134,96,-38,156
2022,Weekend,Commuter-Heavy Transit Hub,5,81,195,114,214
2022,Weekend,Commuter-Heavy Transit Hub,6,149,668,519,561
2022,Weekend,Commuter-Heavy Transit Hub,7,445,979,534,755
2022,Weekend,Commuter-Heavy Transit Hub,8,525,1164,639,934
2022,Weekend,Commuter-Heavy Transit Hub,9,856,1588,732,1132
2022,Weekend,Commuter-Heavy Transit Hub,10,1209,2031,822,1289
2022,Weekend,Commuter-Heavy Transit Hub,11,1647,2138,491,1320
2022,Weekend,Commuter-Heavy Transit Hub,12,2004,2249,245,1384
2022,Weekend,Commuter-Heavy Transit Hub,13,2182,2437,255,1447
2022,Weekend,Commuter-Heavy Transit Hub,14,2337,2454,117,1446
2022,Weekend,Commuter-Heavy Transit Hub,15,2642,2552,-90,1488
2022,Weekend,Commuter-Heavy Transit Hub,16,2716,2210,-506,1467
2022,Weekend,Commuter-Heavy Transit Hub,17,2695,2173,-522,1408
2022,Weekend,Commuter-Heavy Transit Hub,18,2588,2148,-440,1399
2022,Weekend,Commuter-Heavy Transit Hub,19,2435,1964,-471,1378
2022,Weekend,Commuter-Heavy Transit Hub,20,1746,1349,-397,1130
2022,Weekend,Commuter-Heavy Transit Hub,21,1533,1182,-351,973
2022,Weekend,Commuter-Heavy Transit Hub,22,1322,990,-332,950
2022,Weekend,Commuter-Heavy Transit Hub,23,1291,911,-380,876
2022,Weekend,Leisure & Waterfront,0,3825,3838,13,2046
2022,Weekend,Leisure & Waterfront,1,2250,2622,372,1565
2022,Weekend,Leisure & Waterfront,2,1752,2032,280,1354
2022,Weekend,Leisure & Waterfront,3,1055,1372,317,987
2022,Weekend,Leisure & Waterfront,4,411,558,147,580
2022,Weekend,Leisure & Waterfront,5,366,644,278,611
2022,Weekend,Leisure & Waterfront,6,763,1032,269,1016
2022,Weekend,Leisure & Waterfront,7,1714,2216,502,1944
2022,Weekend,Leisure & Waterfront,8,2948,3526,578,2725
2022,Weekend,Leisure & Waterfront,9,5402,6392,990,3711
2022,Weekend,Leisure & Waterfront,10,8613,9909,1296,4402
2022,Weekend,Leisure & Waterfront,11,12731,14043,1312,4990
2022,Weekend,Leisure & Waterfront,12,16753,18032,1279,5449
2022,Weekend,Leisure & Waterfront,13,19920,21649,1729,5934
2022,Weekend,Leisure & Waterfront,14,23724,25690,1966,6022
2022,Weekend,Leisure & Waterfront,15,26146,27718,1572,6265
2022,Weekend,Leisure & Waterfront,16,27972,28339,367,6278
2022,Weekend,Leisure & Waterfront,17,27918,27643,-275,5917
2022,Weekend,Leisure & Waterfront,18,25033,24804,-229,5480
2022,Weekend,Leisure & Waterfront,19,20502,21105,603,4946
2022,Weekend,Leisure & Waterfront,20,15381,15606,225,4096
2022,Weekend,Leisure & Waterfront,21,10515,9866,-649,3287
2022,Weekend,Leisure & Waterfront,22,7900,6403,-1497,2647
2022,Weekend,Leisure & Waterfront,23,6804,5223,-1581,2298
2022,Weekend,Residential & Inner-Suburban Feeder,0,3882,6488,2606,4766
2022,Weekend,Residential & Inner-Suburban Feeder,1,2586,4959,2373,3975
2022,Weekend,Residential & Inner-Suburban Feeder,2,2208,4468,2260,3607
2022,Weekend,Residential & Inner-Suburban Feeder,3,1129,2833,1704,2470
2022,Weekend,Residential & Inner-Suburban Feeder,4,650,1151,501,1298
2022,Weekend,Residential & Inner-Suburban Feeder,5,755,660,-95,1084
2022,Weekend,Residential & Inner-Suburban Feeder,6,1871,827,-1044,2073
2022,Weekend,Residential & Inner-Suburban Feeder,7,3251,1806,-1445,3481
2022,Weekend,Residential & Inner-Suburban Feeder,8,5627,3016,-2611,5081
2022,Weekend,Residential & Inner-Suburban Feeder,9,8733,5071,-3662,6568
2022,Weekend,Residential & Inner-Suburban Feeder,10,11280,7143,-4137,7591
2022,Weekend,Residential & Inner-Suburban Feeder,11,13573,9186,-4387,8232
2022,Weekend,Residential & Inner-Suburban Feeder,12,14679,10769,-3910,8510
2022,Weekend,Residential & Inner-Suburban Feeder,13,15434,12495,-2939,8967
2022,Weekend,Residential & Inner-Suburban Feeder,14,15750,13566,-2184,9080
2022,Weekend,Residential & Inner-Suburban Feeder,15,15833,14385,-1448,9045
2022,Weekend,Residential & Inner-Suburban Feeder,16,14873,14622,-251,8979
2022,Weekend,Residential & Inner-Suburban Feeder,17,13802,14767,965,8695
2022,Weekend,Residential & Inner-Suburban Feeder,18,13406,14571,1165,8376
2022,Weekend,Residential & Inner-Suburban Feeder,19,11395,12935,1540,7751
2022,Weekend,Residential & Inner-Suburban Feeder,20,9099,11137,2038,6874
2022,Weekend,Residential & Inner-Suburban Feeder,21,6586,8652,2066,5965
2022,Weekend,Residential & Inner-Suburban Feeder,22,4949,7234,2285,5331
2022,Weekend,Residential & Inner-Suburban Feeder,23,4107,6813,2706,4777
2022,Weekend,Unassigned,7,0,1,1,1
2023,Weekday,Commercial & Employment Core,0,32648,33740,1092,32551
2023,Weekday,Commercial & Employment Core,1,17520,17584,64,21156
2023,Weekday,Commercial & Employment Core,2,10994,10809,-185,14512
2023,Weekday,Commercial & Employment Core,3,5843,6168,325,8988
2023,Weekday,Commercial & Employment Core,4,6166,5742,-424,9415
2023,Weekday,Commercial & Employment Core,5,14903,12449,-2454,19967
2023,Weekday,Commercial & Employment Core,6,46815,41261,-5554,40591
2023,Weekday,Commercial & Employment Core,7,95840,86734,-9106,55788
2023,Weekday,Commercial & Employment Core,8,203803,192604,-11199,65929
2023,Weekday,Commercial & Employment Core,9,137759,164708,26949,61702
2023,Weekday,Commercial & Employment Core,10,96071,100660,4589,55017
2023,Weekday,Commercial & Employment Core,11,107316,106221,-1095,56848
2023,Weekday,Commercial & Employment Core,12,129355,129538,183,60100
2023,Weekday,Commercial & Employment Core,13,130188,132529,2341,60512
2023,Weekday,Commercial & Employment Core,14,132173,131695,-478,60797
2023,Weekday,Commercial & Employment Core,15,157051,154652,-2399,63603
2023,Weekday,Commercial & Employment Core,16,215368,200748,-14620,67255
2023,Weekday,Commercial & Employment Core,17,313600,296595,-17005,71096
2023,Weekday,Commercial & Employment Core,18,266907,268410,1503,69514
2023,Weekday,Commercial & Employment Core,19,202372,206241,3869,65714
2023,Weekday,Commercial & Employment Core,20,151647,155991,4344,61307
2023,Weekday,Commercial & Employment Core,21,121169,121921,752,56999
2023,Weekday,Commercial & Employment Core,22,92055,93209,1154,52414
2023,Weekday,Commercial & Employment Core,23,66070,68411,2341,45936
2023,Weekday,Commuter-Heavy Transit Hub,0,1578,546,-1032,1353
2023,Weekday,Commuter-Heavy Transit Hub,1,857,318,-539,835
2023,Weekday,Commuter-Heavy Transit Hub,2,574,174,-400,574
2023,Weekday,Commuter-Heavy Transit Hub,3,230,145,-85,309
2023,Weekday,Commuter-Heavy Transit Hub,4,162,418,256,488
2023,Weekday,Commuter-Heavy Transit Hub,5,277,1831,1554,1459
2023,Weekday,Commuter-Heavy Transit Hub,6,1076,8769,7693,3555
2023,Weekday,Commuter-Heavy Transit Hub,7,3188,22292,19104,4768
2023,Weekday,Commuter-Heavy Transit Hub,8,5027,51492,46465,4933
2023,Weekday,Commuter-Heavy Transit Hub,9,4285,34362,30077,4278
2023,Weekday,Commuter-Heavy Transit Hub,10,4435,13008,8573,3778
2023,Weekday,Commuter-Heavy Transit Hub,11,7054,10551,3497,4055
2023,Weekday,Commuter-Heavy Transit Hub,12,10236,11721,1485,4410
2023,Weekday,Commuter-Heavy Transit Hub,13,10041,10880,839,4390
2023,Weekday,Commuter-Heavy Transit Hub,14,11176,8825,-2351,4438
2023,Weekday,Commuter-Heavy Transit Hub,15,17628,9605,-8023,4866
2023,Weekday,Commuter-Heavy Transit Hub,16,31712,10383,-21329,5095
2023,Weekday,Commuter-Heavy Transit Hub,17,41741,11849,-29892,5118
2023,Weekday,Commuter-Heavy Transit Hub,18,23021,9524,-13497,4756
2023,Weekday,Commuter-Heavy Transit Hub,19,13581,5951,-7630,4309
2023,Weekday,Commuter-Heavy Transit Hub,20,7523,3471,-4052,3506
2023,Weekday,Commuter-Heavy Transit Hub,21,4996,2619,-2377,2957
2023,Weekday,Commuter-Heavy Transit Hub,22,4009,1923,-2086,2584
2023,Weekday,Commuter-Heavy Transit Hub,23,3166,1239,-1927,2251
2023,Weekday,Leisure & Waterfront,0,2658,3171,513,3132
2023,Weekday,Leisure & Waterfront,1,1108,1485,377,1657
2023,Weekday,Leisure & Waterfront,2,614,950,336,1097
2023,Weekday,Leisure & Waterfront,3,479,593,114,844
2023,Weekday,Leisure & Waterfront,4,427,669,242,873
2023,Weekday,Leisure & Waterfront,5,1512,2275,763,2502
2023,Weekday,Leisure & Waterfront,6,3811,3888,77,4830
2023,Weekday,Leisure & Waterfront,7,8679,7765,-914,7978
2023,Weekday,Leisure & Waterfront,8,16888,18289,1401,11178
2023,Weekday,Leisure & Waterfront,9,10675,14533,3858,9688
2023,Weekday,Leisure & Waterfront,10,8918,10139,1221,8625
2023,Weekday,Leisure & Waterfront,11,10454,11433,979,9381
2023,Weekday,Leisure & Waterfront,12,12866,14370,1504,10660
2023,Weekday,Leisure & Waterfront,13,14291,15223,932,11139
2023,Weekday,Leisure & Waterfront,14,16196,17136,940,11679
2023,Weekday,Leisure & Waterfront,15,19269,20383,1114,12813
2023,Weekday,Leisure & Waterfront,16,26046,25922,-124,14359
2023,Weekday,Leisure & Waterfront,17,35206,38738,3532,16469
2023,Weekday,Leisure & Waterfront,18,33448,44787,11339,15877
2023,Weekday,Leisure & Waterfront,19,29272,35382,6110,13778
2023,Weekday,Leisure & Waterfront,20,25116,25685,569,11637
2023,Weekday,Leisure & Waterfront,21,18578,16138,-2440,9378
2023,Weekday,Leisure & Waterfront,22,13133,10465,-2668,7451
2023,Weekday,Leisure & Waterfront,23,10065,7838,-2227,5959
2023,Weekday,Residential & Inner-Suburban Feeder,0,4253,9744,5491,9106
2023,Weekday,Residential & Inner-Suburban Feeder,1,2079,4714,2635,5081
2023,Weekday,Residential & Inner-Suburban Feeder,2,1335,2826,1491,3263
2023,Weekday,Residential & Inner-Suburban Feeder,3,1028,1610,582,2163
2023,Weekday,Residential & Inner-Suburban Feeder,4,1869,1120,-749,2603
2023,Weekday,Residential & Inner-Suburban Feeder,5,5953,2333,-3620,6630
2023,Weekday,Residential & Inner-Suburban Feeder,6,17472,5536,-11936,14958
2023,Weekday,Residential & Inner-Suburban Feeder,7,44457,12641,-31816,26092
2023,Weekday,Residential & Inner-Suburban Feeder,8,87805,24346,-63459,31840
2023,Weekday,Residential & Inner-Suburban Feeder,9,44159,19331,-24828,25316
2023,Weekday,Residential & Inner-Suburban Feeder,10,26118,14658,-11460,20301
2023,Weekday,Residential & Inner-Suburban Feeder,11,26797,16968,-9829,20832
2023,Weekday,Residential & Inner-Suburban Feeder,12,28908,22381,-6527,22475
2023,Weekday,Residential & Inner-Suburban Feeder,13,26983,23690,-3293,22578
2023,Weekday,Residential & Inner-Suburban Feeder,14,27724,25868,-1856,23593
2023,Weekday,Residential & Inner-Suburban Feeder,15,31038,31741,703,25481
2023,Weekday,Residential & Inner-Suburban Feeder,16,38852,49141,10289,29465
2023,Weekday,Residential & Inner-Suburban Feeder,17,56093,82064,25971,33718
2023,Weekday,Residential & Inner-Suburban Feeder,18,53853,73937,20084,32467
2023,Weekday,Residential & Inner-Suburban Feeder,19,40168,55547,15379,28476
2023,Weekday,Residential & Inner-Suburban Feeder,20,29262,41505,12243,24791
2023,Weekday,Residential & Inner-Suburban Feeder,21,20315,32911,12596,21298
2023,Weekday,Residential & Inner-Suburban Feeder,22,15189,27339,12150,18832
2023,Weekday,Residential & Inner-Suburban Feeder,23,10014,20720,10706,15408
2023,Weekday,Unassigned,7,0,1,1,1
2023,Weekday,Unassigned,22,0,1,1,1
2023,Weekend,Commercial & Employment Core,0,26566,25764,-802,17837
2023,Weekend,Commercial & Employment Core,1,21605,20177,-1428,15742
2023,Weekend,Commercial & Employment Core,2,17879,16672,-1207,14152
2023,Weekend,Commercial & Employment Core,3,9097,9860,763,10213
2023,Weekend,Commercial & Employment Core,4,4410,4521,111,6004
2023,Weekend,Commercial & Employment Core,5,3659,3399,-260,5197
2023,Weekend,Commercial & Employment Core,6,6409,5522,-887,8057
2023,Weekend,Commercial & Employment Core,7,12493,11378,-1115,13000
2023,Weekend,Commercial & Employment Core,8,20585,19733,-852,17506
2023,Weekend,Commercial & Employment Core,9,33538,31753,-1785,21076
2023,Weekend,Commercial & Employment Core,10,44989,44274,-715,23171
2023,Weekend,Commercial & Employment Core,11,55747,54912,-835,24372
2023,Weekend,Commercial & Employment Core,12,63392,63334,-58,25084
2023,Weekend,Commercial & Employment Core,13,68592,67459,-1133,25608
2023,Weekend,Commercial & Employment Core,14,71141,71202,61,25732
2023,Weekend,Commercial & Employment Core,15,72058,71614,-444,25730
2023,Weekend,Commercial & Employment Core,16,73017,73101,84,25821
2023,Weekend,Commercial & Employment Core,17,73180,73447,267,25706
2023,Weekend,Commercial & Employment Core,18,68806,69787,981,25136
2023,Weekend,Commercial & Employment Core,19,60033,62536,2503,24282
2023,Weekend,Commercial & Employment Core,20,47838,51054,3216,22517
2023,Weekend,Commercial & Employment Core,21,37954,39919,1965,20779
2023,Weekend,Commercial & Employment Core,22,31124,31936,812,19264
2023,Weekend,Commercial & Employment Core,23,26326,27415,1089,17765
2023,Weekend,Commuter-Heavy Transit Hub,0,997,475,-522,784
2023,Weekend,Commuter-Heavy Transit Hub,1,732,309,-423,616
2023,Weekend,Commuter-Heavy Transit Hub,2,617,285,-332,534
2023,Weekend,Commuter-Heavy Transit Hub,3,329,132,-197,313
2023,Weekend,Commuter-Heavy Transit Hub,4,132,118,-14,191
2023,Weekend,Commuter-Heavy Transit Hub,5,85,136,51,177
2023,Weekend,Commuter-Heavy Transit Hub,6,224,605,381,564
2023,Weekend,Commuter-Heavy Transit Hub,7,561,1107,546,844
2023,Weekend,Commuter-Heavy Transit Hub,8,463,1444,981,1005
2023,Weekend,Commuter-Heavy Transit Hub,9,856,1731,875,1186
2023,Weekend,Commuter-Heavy Transit Hub,10,1083,2118,1035,1307
2023,Weekend,Commuter-Heavy Transit Hub,11,1559,2196,637,1386
2023,Weekend,Commuter-Heavy Transit Hub,12,1930,2227,297,1454
2023,Weekend,Commuter-Heavy Transit Hub,13,2087,2556,469,1488
2023,Weekend,Commuter-Heavy Transit Hub,14,2202,2412,210,1503
2023,Weekend,Commuter-Heavy Transit Hub,15,2544,2431,-113,1542
2023,Weekend,Commuter-Heavy Transit Hub,16,2593,2175,-418,1523
2023,Weekend,Commuter-Heavy Transit Hub,17,2623,2010,-613,1513
2023,Weekend,Commuter-Heavy Transit Hub,18,2411,1919,-492,1500
2023,Weekend,Commuter-Heavy Transit Hub,19,2414,1738,-676,1439
2023,Weekend,Commuter-Heavy Transit Hub,20,1646,1104,-542,1167
2023,Weekend,Commuter-Heavy Transit Hub,21,1362,932,-430,1055
2023,Weekend,Commuter-Heavy Transit Hub,22,1165,748,-417,942
2023,Weekend,Commuter-Heavy Transit Hub,23,1232,665,-567,931
2023,Weekend,Leisure & Waterfront,0,2857,2892,35,2167
2023,Weekend,Leisure & Waterfront,1,1727,1879,152,1667
2023,Weekend,Leisure & Waterfront,2,1265,1509,244,1421
2023,Weekend,Leisure & Waterfront,3,681,914,233,886
2023,Weekend,Leisure & Waterfront,4,347,432,85,553
2023,Weekend,Leisure & Waterfront,5,304,639,335,649
2023,Weekend,Leisure & Waterfront,6,746,1180,434,1204
2023,Weekend,Leisure & Waterfront,7,1642,2315,673,2043
2023,Weekend,Leisure & Waterfront,8,3013,3898,885,3051
2023,Weekend,Leisure & Waterfront,9,5122,6442,1320,4105
2023,Weekend,Leisure & Waterfront,10,7258,8798,1540,4822
2023,Weekend,Leisure & Waterfront,11,9842,11265,1423,5466
2023,Weekend,Leisure & Waterfront,12,11882,13728,1846,5799
2023,Weekend,Leisure & Waterfront,13,13975,15692,1717,6153
2023,Weekend,Leisure & Waterfront,14,15896,17366,1470,6208
2023,Weekend,Leisure & Waterfront,15,17059,18229,1170,6312
2023,Weekend,Leisure & Waterfront,16,17928,18035,107,6348
2023,Weekend,Leisure & Waterfront,17,17508,17327,-181,6144
2023,Weekend,Leisure & Waterfront,18,16735,16609,-126,5775
2023,Weekend,Leisure & Waterfront,19,13921,14567,646,5069
2023,Weekend,Leisure & Waterfront,20,10397,10291,-106,4233
2023,Weekend,Leisure & Waterfront,21,7336,6254,-1082,3406
2023,Weekend,Leisure & Waterfront,22,5724,4375,-1349,2852
2023,Weekend,Leisure & Waterfront,23,5179,3650,-1529,2359
2023,Weekend,Residential & Inner-Suburban Feeder,0,3971,7724,3753,5898
2023,Weekend,Residential & Inner-Suburban Feeder,1,2961,5955,2994,4909
2023,Weekend,Residential & Inner-Suburban Feeder,2,2330,4858,2528,4126
2023,Weekend,Residential & Inner-Suburban Feeder,3,1330,2892,1562,2864
2023,Weekend,Residential & Inner-Suburban Feeder,4,777,1215,438,1551
2023,Weekend,Residential & Inner-Suburban Feeder,5,1086,939,-147,1576
2023,Weekend,Residential & Inner-Suburban Feeder,6,2503,1071,-1432,2785
2023,Weekend,Residential & Inner-Suburban Feeder,7,4531,2548,-1983,4676
2023,Weekend,Residential & Inner-Suburban Feeder,8,7669,3998,-3671,6770
2023,Weekend,Residential & Inner-Suburban Feeder,9,11626,6256,-5370,8487
2023,Weekend,Residential & Inner-Suburban Feeder,10,14370,9388,-4982,9487
2023,Weekend,Residential & Inner-Suburban Feeder,11,16255,11019,-5236,10010
2023,Weekend,Residential & Inner-Suburban Feeder,12,17410,12925,-4485,10524
2023,Weekend,Residential & Inner-Suburban Feeder,13,17809,14230,-3579,10665
2023,Weekend,Residential & Inner-Suburban Feeder,14,17775,15460,-2315,10803
2023,Weekend,Residential & Inner-Suburban Feeder,15,17236,16157,-1079,10785
2023,Weekend,Residential & Inner-Suburban Feeder,16,16449,16457,8,10673
2023,Weekend,Residential & Inner-Suburban Feeder,17,15758,16956,1198,10592
2023,Weekend,Residential & Inner-Suburban Feeder,18,14960,15911,951,10165
2023,Weekend,Residential & Inner-Suburban Feeder,19,13082,14713,1631,9464
2023,Weekend,Residential & Inner-Suburban Feeder,20,9733,12136,2403,8380
2023,Weekend,Residential & Inner-Suburban Feeder,21,7230,9926,2696,7226
2023,Weekend,Residential & Inner-Suburban Feeder,22,5577,8478,2901,6496
2023,Weekend,Residential & Inner-Suburban Feeder,23,4512,7939,3427,5881
2024,Weekday,Commercial & Employment Core,0,39447,40784,1337,37330
2024,Weekday,Commercial & Employment Core,1,20699,21042,343,24931
2024,Weekday,Commercial & Employment Core,2,14481,13812,-669,18320
2024,Weekday,Commercial & Employment Core,3,7333,7729,396,10963
2024,Weekday,Commercial & Employment Core,4,7232,6818,-414,11036
2024,Weekday,Commercial & Employment Core,5,20327,18349,-1978,26208
2024,Weekday,Commercial & Employment Core,6,58552,51061,-7491,48818
2024,Weekday,Commercial & Employment Core,7,123006,110059,-12947,63368
2024,Weekday,Commercial & Employment Core,8,264145,243379,-20766,73360
2024,Weekday,Commercial & Employment Core,9,174732,200054,25322,68377
2024,Weekday,Commercial & Employment Core,10,119962,120631,669,61848
2024,Weekday,Commercial & Employment Core,11,129206,126679,-2527,63049
2024,Weekday,Commercial & Employment Core,12,153545,152950,-595,65901
2024,Weekday,Commercial & Employment Core,13,156843,156612,-231,66852
2024,Weekday,Commercial & Employment Core,14,160319,158113,-2206,67610
2024,Weekday,Commercial & Employment Core,15,191081,187628,-3453,70977
2024,Weekday,Commercial & Employment Core,16,271823,250738,-21085,74780
2024,Weekday,Commercial & Employment Core,17,389939,374514,-15425,77949
2024,Weekday,Commercial & Employment Core,18,320632,325099,4467,76393
2024,Weekday,Commercial & Employment Core,19,239312,245965,6653,72310
2024,Weekday,Commercial & Employment Core,20,175985,180889,4904,67165
2024,Weekday,Commercial & Employment Core,21,139303,140572,1269,63159
2024,Weekday,Commercial & Employment Core,22,107507,108885,1378,58420
2024,Weekday,Commercial & Employment Core,23,80452,83002,2550,51452
2024,Weekday,Commuter-Heavy Transit Hub,0,1898,812,-1086,1699
2024,Weekday,Commuter-Heavy Transit Hub,1,988,397,-591,1004
2024,Weekday,Commuter-Heavy Transit Hub,2,667,258,-409,720
2024,Weekday,Commuter-Heavy Transit Hub,3,349,198,-151,445
2024,Weekday,Commuter-Heavy Transit Hub,4,210,671,461,752
2024,Weekday,Commuter-Heavy Transit Hub,5,288,2610,2322,1930
2024,Weekday,Commuter-Heavy Transit Hub,6,1186,12455,11269,4694
2024,Weekday,Commuter-Heavy Transit Hub,7,4304,32342,28038,6371
2024,Weekday,Commuter-Heavy Transit Hub,8,6894,79725,72831,7023
2024,Weekday,Commuter-Heavy Transit Hub,9,6083,55341,49258,6173
2024,Weekday,Commuter-Heavy Transit Hub,10,6093,20218,14125,5210
2024,Weekday,Commuter-Heavy Transit Hub,11,9630,15828,6198,5519
2024,Weekday,Commuter-Heavy Transit Hub,12,14991,16897,1906,5981
2024,Weekday,Commuter-Heavy Transit Hub,13,14035,16114,2079,6028
2024,Weekday,Commuter-Heavy Transit Hub,14,16522,12898,-3624,6171
2024,Weekday,Commuter-Heavy Transit Hub,15,25319,13408,-11911,6687
2024,Weekday,Commuter-Heavy Transit Hub,16,46645,14700,-31945,7164
2024,Weekday,Commuter-Heavy Transit Hub,17,63013,16385,-46628,7123
2024,Weekday,Commuter-Heavy Transit Hub,18,32443,12698,-19745,6644
2024,Weekday,Commuter-Heavy Transit Hub,19,17766,7455,-10311,5836
2024,Weekday,Commuter-Heavy Transit Hub,20,9837,4648,-5189,4722
2024,Weekday,Commuter-Heavy Transit Hub,21,6510,3382,-3128,3908
2024,Weekday,Commuter-Heavy Transit Hub,22,4761,2411,-2350,3195
2024,Weekday,Commuter-Heavy Transit Hub,23,3689,1665,-2024,2645
2024,Weekday,Leisure & Waterfront,0,3400,4079,679,3960
2024,Weekday,Leisure & Waterfront,1,1520,2076,556,2291
2024,Weekday,Leisure & Waterfront,2,883,1433,550,1636
2024,Weekday,Leisure & Waterfront,3,702,829,127,1182
2024,Weekday,Leisure & Waterfront,4,534,712,178,1020
2024,Weekday,Leisure & Waterfront,5,2109,3231,1122,3215
2024,Weekday,Leisure & Waterfront,6,5029,5827,798,6489
2024,Weekday,Leisure & Waterfront,7,11262,10399,-863,10272
2024,Weekday,Leisure & Waterfront,8,21840,24246,2406,13992
2024,Weekday,Leisure & Waterfront,9,13954,18643,4689,11678
2024,Weekday,Leisure & Waterfront,10,11264,12388,1124,10722
2024,Weekday,Leisure & Waterfront,11,12841,13550,709,11200
2024,Weekday,Leisure & Waterfront,12,15502,16543,1041,12539
2024,Weekday,Leisure & Waterfront,13,17228,18432,1204,13318
2024,Weekday,Leisure & Waterfront,14,19739,20206,467,14229
2024,Weekday,Leisure & Waterfront,15,24720,24982,262,16016
2024,Weekday,Leisure & Waterfront,16,33187,32538,-649,17990
2024,Weekday,Leisure & Waterfront,17,44095,47984,3889,20420
2024,Weekday,Leisure & Waterfront,18,40897,53545,12648,19514
2024,Weekday,Leisure & Waterfront,19,34382,41785,7403,16395
2024,Weekday,Leisure & Waterfront,20,30227,30172,-55,13880
2024,Weekday,Leisure & Waterfront,21,22698,20148,-2550,11316
2024,Weekday,Leisure & Waterfront,22,17154,13150,-4004,9130
2024,Weekday,Leisure & Waterfront,23,12246,10022,-2224,7096
2024,Weekday,Residential & Inner-Suburban Feeder,0,5835,12116,6281,11204
2024,Weekday,Residential & Inner-Suburban Feeder,1,3111,6113,3002,6713
2024,Weekday,Residential & Inner-Suburban Feeder,2,2033,3876,1843,4527
2024,Weekday,Residential & Inner-Suburban Feeder,3,1418,2231,813,2997
2024,Weekday,Residential & Inner-Suburban Feeder,4,2640,1421,-1219,3325
2024,Weekday,Residential & Inner-Suburban Feeder,5,8757,2584,-6173,8773
2024,Weekday,Residential & Inner-Suburban Feeder,6,24842,7290,-17552,19093
2024,Weekday,Residential & Inner-Suburban Feeder,7,59311,15148,-44163,30919
2024,Weekday,Residential & Inner-Suburban Feeder,8,119670,31323,-88347,37076
2024,Weekday,Residential & Inner-Suburban Feeder,9,54956,24826,-30130,28477
2024,Weekday,Residential & Inner-Suburban Feeder,10,31614,18897,-12717,23372
2024,Weekday,Residential & Inner-Suburban Feeder,11,31799,21428,-10371,23998
2024,Weekday,Residential & Inner-Suburban Feeder,12,34162,27589,-6573,25904
2024,Weekday,Residential & Inner-Suburban Feeder,13,32770,30395,-2375,26441
2024,Weekday,Residential & Inner-Suburban Feeder,14,34034,33399,-635,27671
2024,Weekday,Residential & Inner-Suburban Feeder,15,38861,43385,4524,30268
2024,Weekday,Residential & Inner-Suburban Feeder,16,50363,67455,17092,34625
2024,Weekday,Residential & Inner-Suburban Feeder,17,71529,112121,40592,39012
2024,Weekday,Residential & Inner-Suburban Feeder,18,69124,98456,29332,37452
2024,Weekday,Residential & Inner-Suburban Feeder,19,51663,70934,19271,32882
2024,Weekday,Residential & Inner-Suburban Feeder,20,36552,52162,15610,28614
2024,Weekday,Residential & Inner-Suburban Feeder,21,26789,41367,14578,25416
2024,Weekday,Residential & Inner-Suburban Feeder,22,19384,33520,14136,22304
2024,Weekday,Residential & Inner-Suburban Feeder,23,13717,25898,12181,18655
2024,Weekend,Commercial & Employment Core,0,30295,29572,-723,19797
2024,Weekend,Commercial & Employment Core,1,23703,22258,-1445,17345
2024,Weekend,Commercial & Employment Core,2,20274,18758,-1516,15832
2024,Weekend,Commercial & Employment Core,3,9802,10618,816,10994
2024,Weekend,Commercial & Employment Core,4,4918,5080,162,6667
2024,Weekend,Commercial & Employment Core,5,4335,4068,-267,6221
2024,Weekend,Commercial & Employment Core,6,8346,7414,-932,10316
2024,Weekend,Commercial & Employment Core,7,15414,14429,-985,15351
2024,Weekend,Commercial & Employment Core,8,26543,25519,-1024,20344
2024,Weekend,Commercial & Employment Core,9,43104,40423,-2681,24208
2024,Weekend,Commercial & Employment Core,10,56616,55970,-646,26408
2024,Weekend,Commercial & Employment Core,11,67362,67602,240,27180
2024,Weekend,Commercial & Employment Core,12,75124,75272,148,27628
2024,Weekend,Commercial & Employment Core,13,79781,79858,77,28210
2024,Weekend,Commercial & Employment Core,14,82455,81828,-627,28376
2024,Weekend,Commercial & Employment Core,15,84708,84268,-440,28492
2024,Weekend,Commercial & Employment Core,16,85518,85749,231,28591
2024,Weekend,Commercial & Employment Core,17,84853,85552,699,28302
2024,Weekend,Commercial & Employment Core,18,80500,81716,1216,27745
2024,Weekend,Commercial & Employment Core,19,68012,70909,2897,26567
2024,Weekend,Commercial & Employment Core,20,53100,56554,3454,24809
2024,Weekend,Commercial & Employment Core,21,43841,45654,1813,23234
2024,Weekend,Commercial & Employment Core,22,37481,37770,289,22157
2024,Weekend,Commercial & Employment Core,23,31116,31823,707,20245
2024,Weekend,Commuter-Heavy Transit Hub,0,1384,569,-815,1048
2024,Weekend,Commuter-Heavy Transit Hub,1,912,465,-447,796
2024,Weekend,Commuter-Heavy Transit Hub,2,759,307,-452,652
2024,Weekend,Commuter-Heavy Transit Hub,3,373,182,-191,392
2024,Weekend,Commuter-Heavy Transit Hub,4,181,140,-41,234
2024,Weekend,Commuter-Heavy Transit Hub,5,91,166,75,232
2024,Weekend,Commuter-Heavy Transit Hub,6,206,881,675,663
2024,Weekend,Commuter-Heavy Transit Hub,7,871,1538,667,1036
2024,Weekend,Commuter-Heavy Transit Hub,8,695,1875,1180,1285
2024,Weekend,Commuter-Heavy Transit Hub,9,1048,2600,1552,1605
2024,Weekend,Commuter-Heavy Transit Hub,10,1550,2944,1394,1782
2024,Weekend,Commuter-Heavy Transit Hub,11,2142,2947,805,1871
2024,Weekend,Commuter-Heavy Transit Hub,12,2682,3073,391,1968
2024,Weekend,Commuter-Heavy Transit Hub,13,2729,3412,683,2026
2024,Weekend,Commuter-Heavy Transit Hub,14,3018,3322,304,2050
2024,Weekend,Commuter-Heavy Transit Hub,15,3336,3209,-127,2095
2024,Weekend,Commuter-Heavy Transit Hub,16,3508,2936,-572,2063
2024,Weekend,Commuter-Heavy Transit Hub,17,3447,2614,-833,1989
2024,Weekend,Commuter-Heavy Transit Hub,18,3292,2445,-847,1955
2024,Weekend,Commuter-Heavy Transit Hub,19,3312,2157,-1155,1920
2024,Weekend,Commuter-Heavy Transit Hub,20,2284,1442,-842,1609
2024,Weekend,Commuter-Heavy Transit Hub,21,2090,1148,-942,1436
2024,Weekend,Commuter-Heavy Transit Hub,22,1933,974,-959,1381
2024,Weekend,Commuter-Heavy Transit Hub,23,1569,746,-823,1196
2024,Weekend,Leisure & Waterfront,0,2977,3471,494,2640
2024,Weekend,Leisure & Waterfront,1,1875,2137,262,1923
2024,Weekend,Leisure & Waterfront,2,1491,1779,288,1609
2024,Weekend,Leisure & Waterfront,3,956,1151,195,1212
2024,Weekend,Leisure & Waterfront,4,471,693,222,772
2024,Weekend,Leisure & Waterfront,5,446,929,483,880
2024,Weekend,Leisure & Waterfront,6,1100,1662,562,1619
2024,Weekend,Leisure & Waterfront,7,1993,2750,757,2550
2024,Weekend,Leisure & Waterfront,8,3622,4889,1267,3656
2024,Weekend,Leisure & Waterfront,9,6480,8314,1834,4969
2024,Weekend,Leisure & Waterfront,10,8858,10294,1436,5759
2024,Weekend,Leisure & Waterfront,11,11993,13079,1086,6459
2024,Weekend,Leisure & Waterfront,12,13498,14883,1385,6837
2024,Weekend,Leisure & Waterfront,13,15457,16688,1231,7265
2024,Weekend,Leisure & Waterfront,14,16682,18378,1696,7464
2024,Weekend,Leisure & Waterfront,15,18528,19513,985,7513
2024,Weekend,Leisure & Waterfront,16,19211,19399,188,7542
2024,Weekend,Leisure & Waterfront,17,18846,18390,-456,7258
2024,Weekend,Leisure & Waterfront,18,18199,17377,-822,6753
2024,Weekend,Leisure & Waterfront,19,14581,15226,645,5893
2024,Weekend,Leisure & Waterfront,20,11442,10794,-648,5028
2024,Weekend,Leisure & Waterfront,21,8324,7250,-1074,4203
2024,Weekend,Leisure & Waterfront,22,6420,5097,-1323,3475
2024,Weekend,Leisure & Waterfront,23,5290,4159,-1131,2923
2024,Weekend,Residential & Inner-Suburban Feeder,0,5222,9563,4341,7131
2024,Weekend,Residential & Inner-Suburban Feeder,1,3726,6975,3249,5882
2024,Weekend,Residential & Inner-Suburban Feeder,2,2748,5455,2707,4824
2024,Weekend,Residential & Inner-Suburban Feeder,3,1629,3559,1930,3495
2024,Weekend,Residential & Inner-Suburban Feeder,4,1222,1545,323,2023
2024,Weekend,Residential & Inner-Suburban Feeder,5,1338,942,-396,1836
2024,Weekend,Residential & Inner-Suburban Feeder,6,3478,1278,-2200,3575
2024,Weekend,Residential & Inner-Suburban Feeder,7,6199,3373,-2826,5955
2024,Weekend,Residential & Inner-Suburban Feeder,8,10214,5182,-5032,8198
2024,Weekend,Residential & Inner-Suburban Feeder,9,15293,8790,-6503,10183
2024,Weekend,Residential & Inner-Suburban Feeder,10,18663,12546,-6117,11345
2024,Weekend,Residential & Inner-Suburban Feeder,11,20132,14402,-5730,11698
2024,Weekend,Residential & Inner-Suburban Feeder,12,21080,16431,-4649,11998
2024,Weekend,Residential & Inner-Suburban Feeder,13,21154,18098,-3056,12160
2024,Weekend,Residential & Inner-Suburban Feeder,14,21262,18492,-2770,12381
2024,Weekend,Residential & Inner-Suburban Feeder,15,20825,19774,-1051,12359
2024,Weekend,Residential & Inner-Suburban Feeder,16,20291,20765,474,12505
2024,Weekend,Residential & Inner-Suburban Feeder,17,19261,20795,1534,12289
2024,Weekend,Residential & Inner-Suburban Feeder,18,18461,20249,1788,11797
2024,Weekend,Residential & Inner-Suburban Feeder,19,15301,17950,2649,10897
2024,Weekend,Residential & Inner-Suburban Feeder,20,11735,14726,2991,9667
2024,Weekend,Residential & Inner-Suburban Feeder,21,8958,12341,3383,8649
2024,Weekend,Residential & Inner-Suburban Feeder,22,7526,11204,3678,8169
2024,Weekend,Residential & Inner-Suburban Feeder,23,5765,9918,4153,7344
2025,Weekday,Commercial & Employment Core,0,41814,43991,2177,37223
2025,Weekday,Commercial & Employment Core,1,22029,22534,505,24972
2025,Weekday,Commercial & Employment Core,2,13941,13770,-171,17927
2025,Weekday,Commercial & Employment Core,3,7511,7982,471,11465
2025,Weekday,Commercial & Employment Core,4,7911,6385,-1526,11032
2025,Weekday,Commercial & Employment Core,5,22036,18714,-3322,26598
2025,Weekday,Commercial & Employment Core,6,64649,55103,-9546,48865
2025,Weekday,Commercial & Employment Core,7,134170,115633,-18537,64059
2025,Weekday,Commercial & Employment Core,8,290441,258365,-32076,73943
2025,Weekday,Commercial & Employment Core,9,190395,214943,24548,69219
2025,Weekday,Commercial & Employment Core,10,125695,127320,1625,62665
2025,Weekday,Commercial & Employment Core,11,136734,133544,-3190,64412
2025,Weekday,Commercial & Employment Core,12,163313,161956,-1357,67336
2025,Weekday,Commercial & Employment Core,13,168542,167218,-1324,68280
2025,Weekday,Commercial & Employment Core,14,170967,167886,-3081,69144
2025,Weekday,Commercial & Employment Core,15,201467,198252,-3215,71924
2025,Weekday,Commercial & Employment Core,16,294491,273715,-20776,76004
2025,Weekday,Commercial & Employment Core,17,417232,407821,-9411,79576
2025,Weekday,Commercial & Employment Core,18,335158,343956,8798,77557
2025,Weekday,Commercial & Employment Core,19,249067,255660,6593,73257
2025,Weekday,Commercial & Employment Core,20,185215,191630,6415,68410
2025,Weekday,Commercial & Employment Core,21,148798,150386,1588,63401
2025,Weekday,Commercial & Employment Core,22,115890,118919,3029,58958
2025,Weekday,Commercial & Employment Core,23,86182,91074,4892,51764
2025,Weekday,Commuter-Heavy Transit Hub,0,1920,922,-998,1704
2025,Weekday,Commuter-Heavy Transit Hub,1,924,440,-484,935
2025,Weekday,Commuter-Heavy Transit Hub,2,553,329,-224,650
2025,Weekday,Commuter-Heavy Transit Hub,3,343,333,-10,563
2025,Weekday,Commuter-Heavy Transit Hub,4,241,765,524,866
2025,Weekday,Commuter-Heavy Transit Hub,5,422,3430,3008,2332
2025,Weekday,Commuter-Heavy Transit Hub,6,1662,14085,12423,4946
2025,Weekday,Commuter-Heavy Transit Hub,7,5140,36131,30991,6621
2025,Weekday,Commuter-Heavy Transit Hub,8,9121,98854,89733,7460
2025,Weekday,Commuter-Heavy Transit Hub,9,8043,67380,59337,6702
2025,Weekday,Commuter-Heavy Transit Hub,10,7339,23845,16506,5687
2025,Weekday,Commuter-Heavy Transit Hub,11,11305,18244,6939,6006
2025,Weekday,Commuter-Heavy Transit Hub,12,17117,19499,2382,6472
2025,Weekday,Commuter-Heavy Transit Hub,13,16093,18479,2386,6440
2025,Weekday,Commuter-Heavy Transit Hub,14,19402,14490,-4912,6548
2025,Weekday,Commuter-Heavy Transit Hub,15,30141,15229,-14912,7021
2025,Weekday,Commuter-Heavy Transit Hub,16,56514,16077,-40437,7587
2025,Weekday,Commuter-Heavy Transit Hub,17,74692,18471,-56221,7514
2025,Weekday,Commuter-Heavy Transit Hub,18,35260,13306,-21954,6829
2025,Weekday,Commuter-Heavy Transit Hub,19,18719,8350,-10369,5983
2025,Weekday,Commuter-Heavy Transit Hub,20,10447,4926,-5521,4732
2025,Weekday,Commuter-Heavy Transit Hub,21,7048,3562,-3486,3971
2025,Weekday,Commuter-Heavy Transit Hub,22,5545,2852,-2693,3429
2025,Weekday,Commuter-Heavy Transit Hub,23,4379,1853,-2526,2770
2025,Weekday,Leisure & Waterfront,0,4401,5036,635,4857
2025,Weekday,Leisure & Waterfront,1,2112,2345,233,2740
2025,Weekday,Leisure & Waterfront,2,1351,1506,155,1948
2025,Weekday,Leisure & Waterfront,3,959,944,-15,1425
2025,Weekday,Leisure & Waterfront,4,622,1108,486,1392
2025,Weekday,Leisure & Waterfront,5,2182,4067,1885,3930
2025,Weekday,Leisure & Waterfront,6,5635,6845,1210,7472
2025,Weekday,Leisure & Waterfront,7,12505,12189,-316,11357
2025,Weekday,Leisure & Waterfront,8,23871,27539,3668,14950
2025,Weekday,Leisure & Waterfront,9,16016,19877,3861,12965
2025,Weekday,Leisure & Waterfront,10,13371,14645,1274,11938
2025,Weekday,Leisure & Waterfront,11,16313,16643,330,12981
2025,Weekday,Leisure & Waterfront,12,21306,21803,497,14733
2025,Weekday,Leisure & Waterfront,13,24120,25485,1365,15384
2025,Weekday,Leisure & Waterfront,14,27668,28401,733,16241
2025,Weekday,Leisure & Waterfront,15,33490,33821,331,18089
2025,Weekday,Leisure & Waterfront,16,44501,42689,-1812,20664
2025,Weekday,Leisure & Waterfront,17,56480,60770,4290,23695
2025,Weekday,Leisure & Waterfront,18,52088,65843,13755,22950
2025,Weekday,Leisure & Waterfront,19,44971,53491,8520,20068
2025,Weekday,Leisure & Waterfront,20,39603,38118,-1485,16980
2025,Weekday,Leisure & Waterfront,21,28249,25282,-2967,13430
2025,Weekday,Leisure & Waterfront,22,19739,15578,-4161,10599
2025,Weekday,Leisure & Waterfront,23,15559,11503,-4056,8206
2025,Weekday,Residential & Inner-Suburban Feeder,0,6808,13486,6678,12087
2025,Weekday,Residential & Inner-Suburban Feeder,1,3638,6723,3085,7324
2025,Weekday,Residential & Inner-Suburban Feeder,2,2510,4245,1735,5207
2025,Weekday,Residential & Inner-Suburban Feeder,3,1585,2460,875,3310
2025,Weekday,Residential & Inner-Suburban Feeder,4,2608,1688,-920,3535
2025,Weekday,Residential & Inner-Suburban Feeder,5,9733,2614,-7119,9321
2025,Weekday,Residential & Inner-Suburban Feeder,6,26469,7807,-18662,19817
2025,Weekday,Residential & Inner-Suburban Feeder,7,62912,17113,-45799,30669
2025,Weekday,Residential & Inner-Suburban Feeder,8,132620,34206,-98414,36596
2025,Weekday,Residential & Inner-Suburban Feeder,9,59786,27895,-31891,29191
2025,Weekday,Residential & Inner-Suburban Feeder,10,33950,19469,-14481,23631
2025,Weekday,Residential & Inner-Suburban Feeder,11,33804,22208,-11596,24204
2025,Weekday,Residential & Inner-Suburban Feeder,12,35710,29393,-6317,25892
2025,Weekday,Residential & Inner-Suburban Feeder,13,34732,33173,-1559,26888
2025,Weekday,Residential & Inner-Suburban Feeder,14,35818,35667,-151,27640
2025,Weekday,Residential & Inner-Suburban Feeder,15,42267,47650,5383,31260
2025,Weekday,Residential & Inner-Suburban Feeder,16,54856,75603,20747,35619
2025,Weekday,Residential & Inner-Suburban Feeder,17,79351,125385,46034,39697
2025,Weekday,Residential & Inner-Suburban Feeder,18,75087,105074,29987,37725
2025,Weekday,Residential & Inner-Suburban Feeder,19,56034,75592,19558,33548
2025,Weekday,Residential & Inner-Suburban Feeder,20,39930,56369,16439,29470
2025,Weekday,Residential & Inner-Suburban Feeder,21,28819,44245,15426,26079
2025,Weekday,Residential & Inner-Suburban Feeder,22,21559,36349,14790,23142
2025,Weekday,Residential & Inner-Suburban Feeder,23,15832,27855,12023,19343
2025,Weekday,Unassigned,6,0,2,2,2
2025,Weekday,Unassigned,8,0,1,1,1
2025,Weekday,Unassigned,15,0,1,1,1
2025,Weekend,Commercial & Employment Core,0,36997,35761,-1236,20416
2025,Weekend,Commercial & Employment Core,1,27556,26497,-1059,17941
2025,Weekend,Commercial & Employment Core,2,22451,21217,-1234,16173
2025,Weekend,Commercial & Employment Core,3,11155,12114,959,11523
2025,Weekend,Commercial & Employment Core,4,5211,5294,83,6802
2025,Weekend,Commercial & Employment Core,5,4836,4458,-378,6555
2025,Weekend,Commercial & Employment Core,6,9926,8170,-1756,11224
2025,Weekend,Commercial & Employment Core,7,18661,17417,-1244,16702
2025,Weekend,Commercial & Employment Core,8,31123,29493,-1630,21252
2025,Weekend,Commercial & Employment Core,9,48379,45694,-2685,24859
2025,Weekend,Commercial & Employment Core,10,63482,62628,-854,26731
2025,Weekend,Commercial & Employment Core,11,77207,77519,312,27717
2025,Weekend,Commercial & Employment Core,12,84250,84651,401,28190
2025,Weekend,Commercial & Employment Core,13,89256,88890,-366,28338
2025,Weekend,Commercial & Employment Core,14,91646,90976,-670,28492
2025,Weekend,Commercial & Employment Core,15,93556,93418,-138,28498
2025,Weekend,Commercial & Employment Core,16,93829,94368,539,28549
2025,Weekend,Commercial & Employment Core,17,92463,92932,469,28499
2025,Weekend,Commercial & Employment Core,18,86184,88661,2477,27785
2025,Weekend,Commercial & Employment Core,19,73948,77970,4022,26420
2025,Weekend,Commercial & Employment Core,20,58633,62466,3833,24918
2025,Weekend,Commercial & Employment Core,21,49996,51691,1695,23272
2025,Weekend,Commercial & Employment Core,22,43383,44621,1238,22584
2025,Weekend,Commercial & Employment Core,23,35902,37506,1604,20403
2025,Weekend,Commuter-Heavy Transit Hub,0,1714,784,-930,1089
2025,Weekend,Commuter-Heavy Transit Hub,1,1096,550,-546,836
2025,Weekend,Commuter-Heavy Transit Hub,2,888,383,-505,684
2025,Weekend,Commuter-Heavy Transit Hub,3,427,236,-191,412
2025,Weekend,Commuter-Heavy Transit Hub,4,187,130,-57,249
2025,Weekend,Commuter-Heavy Transit Hub,5,113,246,133,307
2025,Weekend,Commuter-Heavy Transit Hub,6,278,1100,822,767
2025,Weekend,Commuter-Heavy Transit Hub,7,976,1825,849,1194
2025,Weekend,Commuter-Heavy Transit Hub,8,944,2526,1582,1536
2025,Weekend,Commuter-Heavy Transit Hub,9,1471,3164,1693,1825
2025,Weekend,Commuter-Heavy Transit Hub,10,2032,3619,1587,1947
2025,Weekend,Commuter-Heavy Transit Hub,11,2806,3638,832,2033
2025,Weekend,Commuter-Heavy Transit Hub,12,3224,3758,534,2098
2025,Weekend,Commuter-Heavy Transit Hub,13,3292,4074,782,2160
2025,Weekend,Commuter-Heavy Transit Hub,14,3584,3699,115,2176
2025,Weekend,Commuter-Heavy Transit Hub,15,3923,3694,-229,2188
2025,Weekend,Commuter-Heavy Transit Hub,16,4236,3420,-816,2143
2025,Weekend,Commuter-Heavy Transit Hub,17,4205,3031,-1174,2126
2025,Weekend,Commuter-Heavy Transit Hub,18,3664,3003,-661,2095
2025,Weekend,Commuter-Heavy Transit Hub,19,3511,2606,-905,1918
2025,Weekend,Commuter-Heavy Transit Hub,20,2495,1578,-917,1608
2025,Weekend,Commuter-Heavy Transit Hub,21,2099,1265,-834,1448
2025,Weekend,Commuter-Heavy Transit Hub,22,2061,1167,-894,1477
2025,Weekend,Commuter-Heavy Transit Hub,23,1824,896,-928,1227
2025,Weekend,Leisure & Waterfront,0,3858,4061,203,3075
2025,Weekend,Leisure & Waterfront,1,2397,2801,404,2414
2025,Weekend,Leisure & Waterfront,2,1884,2171,287,1970
2025,Weekend,Leisure & Waterfront,3,1241,1434,193,1506
2025,Weekend,Leisure & Waterfront,4,537,838,301,924
2025,Weekend,Leisure & Waterfront,5,567,1066,499,1098
2025,Weekend,Leisure & Waterfront,6,1386,2161,775,2143
2025,Weekend,Leisure & Waterfront,7,2239,3283,1044,3017
2025,Weekend,Leisure & Waterfront,8,4316,5902,1586,4339
2025,Weekend,Leisure & Waterfront,9,7883,9860,1977,5723
2025,Weekend,Leisure & Waterfront,10,11488,13001,1513,6615
2025,Weekend,Leisure & Waterfront,11,15771,17270,1499,7462
2025,Weekend,Leisure & Waterfront,12,18745,20317,1572,7879
2025,Weekend,Leisure & Waterfront,13,21630,23307,1677,8330
2025,Weekend,Leisure & Waterfront,14,24197,26170,1973,8618
2025,Weekend,Leisure & Waterfront,15,26768,27509,741,8702
2025,Weekend,Leisure & Waterfront,16,28270,28253,-17,8754
2025,Weekend,Leisure & Waterfront,17,27502,27347,-155,8627
2025,Weekend,Leisure & Waterfront,18,27120,25635,-1485,8246
2025,Weekend,Leisure & Waterfront,19,22137,22216,79,7551
2025,Weekend,Leisure & Waterfront,20,16995,16326,-669,6427
2025,Weekend,Leisure & Waterfront,21,11848,10424,-1424,5121
2025,Weekend,Leisure & Waterfront,22,8413,6614,-1799,4059
2025,Weekend,Leisure & Waterfront,23,6837,5292,-1545,3356
2025,Weekend,Residential & Inner-Suburban Feeder,0,6290,11340,5050,7724
2025,Weekend,Residential & Inner-Suburban Feeder,1,4688,8604,3916,6526
2025,Weekend,Residential & Inner-Suburban Feeder,2,3561,6308,2747,5362
2025,Weekend,Residential & Inner-Suburban Feeder,3,1881,3999,2118,3821
2025,Weekend,Residential & Inner-Suburban Feeder,4,1262,1791,529,2236
2025,Weekend,Residential & Inner-Suburban Feeder,5,1482,1070,-412,2055
2025,Weekend,Residential & Inner-Suburban Feeder,6,4015,1666,-2349,4048
2025,Weekend,Residential & Inner-Suburban Feeder,7,6984,3546,-3438,6381
2025,Weekend,Residential & Inner-Suburban Feeder,8,11753,6200,-5553,8789
2025,Weekend,Residential & Inner-Suburban Feeder,9,17330,9812,-7518,10557
2025,Weekend,Residential & Inner-Suburban Feeder,10,20894,13756,-7138,11489
2025,Weekend,Residential & Inner-Suburban Feeder,11,23712,16464,-7248,12113
2025,Weekend,Residential & Inner-Suburban Feeder,12,24127,19073,-5054,12461
2025,Weekend,Residential & Inner-Suburban Feeder,13,24113,20186,-3927,12526
2025,Weekend,Residential & Inner-Suburban Feeder,14,24021,21399,-2622,12778
2025,Weekend,Residential & Inner-Suburban Feeder,15,23188,22442,-746,12579
2025,Weekend,Residential & Inner-Suburban Feeder,16,22413,22701,288,12610
2025,Weekend,Residential & Inner-Suburban Feeder,17,21342,23009,1667,12361
2025,Weekend,Residential & Inner-Suburban Feeder,18,20936,22683,1747,12183
2025,Weekend,Residential & Inner-Suburban Feeder,19,17626,20274,2648,11193
2025,Weekend,Residential & Inner-Suburban Feeder,20,13279,16604,3325,9968
2025,Weekend,Residential & Inner-Suburban Feeder,21,10662,14353,3691,9082
2025,Weekend,Residential & Inner-Suburban Feeder,22,8666,12773,4107,8353
2025,Weekend,Residential & Inner-Suburban Feeder,23,7090,11476,4386,7682
