year,season,day_type,cluster_name,trip_starts,trip_ends,net_change,active_station_hours
2022,Fall,Weekday,Commercial & Employment Core,688092,682920,-5172,299960
2022,Fall,Weekday,Commuter-Heavy Transit Hub,60347,69402,9055,20267
2022,Fall,Weekday,Leisure & Waterfront,83738,87639,3901,49930
2022,Fall,Weekday,Residential & Inner-Suburban Feeder,149648,141413,-8235,111541
2022,Fall,Weekend,Commercial & Employment Core,260452,259810,-642,121162
2022,Fall,Weekend,Commuter-Heavy Transit Hub,10157,10593,436,6967
2022,Fall,Weekend,Leisure & Waterfront,61523,63932,2409,23471
2022,Fall,Weekend,Residential & Inner-Suburban Feeder,59011,57344,-1667,43828
2022,Spring,Weekday,Commercial & Employment Core,400100,399726,-374,249511
2022,Spring,Weekday,Commuter-Heavy Transit Hub,34818,38718,3900,20285
2022,Spring,Weekday,Leisure & Waterfront,72260,75351,3091,42193
2022,Spring,Weekday,Residential & Inner-Suburban Feeder,91543,84636,-6907,83032
2022,Spring,Weekend,Commercial & Employment Core,163009,163410,401,96718
2022,Spring,Weekend,Commuter-Heavy Transit Hub,7102,6801,-301,5893
2022,Spring,Weekend,Leisure & Waterfront,58651,60384,1733,20162
2022,Spring,Weekend,Residential & Inner-Suburban Feeder,38167,36552,-1615,31805
2022,Spring,Weekend,Unassigned,0,1,1,1
2022,Summer,Weekday,Commercial & Employment Core,845412,837591,-7821,328646
2022,Summer,Weekday,Commuter-Heavy Transit Hub,64551,73041,8490,23602
2022,Summer,Weekday,Leisure & Waterfront,184467,192538,8071,74891
2022,Summer,Weekday,Residential & Inner-Suburban Feeder,195526,185952,-9574,129736
2022,Summer,Weekend,Commercial & Employment Core,360222,358481,-1741,134577
2022,Summer,Weekend,Commuter-Heavy Transit Hub,14210,13549,-661,8450
2022,Summer,Weekend,Leisure & Waterfront,145396,150832,5436,35229
2022,Summer,Weekend,Residential & Inner-Suburban Feeder,87662,85441,-2221,53219
2022,Winter,Weekday,Commercial & Employment Core,165751,165856,105,147763
2022,Winter,Weekday,Commuter-Heavy Transit Hub,14521,16439,1918,12239
2022,Winter,Weekday,Leisure & Waterfront,12083,12805,722,14623
2022,Winter,Weekday,Residential & Inner-Suburban Feeder,35130,32330,-2800,42162
2022,Winter,Weekend,Commercial & Employment Core,51301,51302,1,53047
2022,Winter,Weekend,Commuter-Heavy Transit Hub,2173,2315,142,2809
2022,Winter,Weekend,Leisure & Waterfront,4828,5114,286,5688
2022,Winter,Weekend,Residential & Inner-Suburban Feeder,10618,10217,-401,13724
2023,Fall,Weekday,Commercial & Employment Core,860568,858205,-2363,325501
2023,Fall,Weekday,Commuter-Heavy Transit Hub,71791,78709,6918,22479
2023,Fall,Weekday,Leisure & Waterfront,82342,89731,7389,57588
2023,Fall,Weekday,Residential & Inner-Suburban Feeder,203104,190441,-12663,139075
2023,Fall,Weekday,Unassigned,0,1,1,1
2023,Fall,Weekend,Commercial & Employment Core,297315,298230,915,130664
2023,Fall,Weekend,Commuter-Heavy Transit Hub,10635,10737,102,7585
2023,Fall,Weekend,Leisure & Waterfront,48341,51468,3127,25736
2023,Fall,Weekend,Residential & Inner-Suburban Feeder,73175,69826,-3349,53982
2023,Spring,Weekday,Commercial & Employment Core,580294,577901,-2393,286081
2023,Spring,Weekday,Commuter-Heavy Transit Hub,43065,48491,5426,19040
2023,Spring,Weekday,Leisure & Waterfront,70411,75803,5392,46987
2023,Spring,Weekday,Residential & Inner-Suburban Feeder,133064,124291,-8773,106835
2023,Spring,Weekend,Commercial & Employment Core,188392,188415,23,103496
2023,Spring,Weekend,Commuter-Heavy Transit Hub,6687,6540,-147,5418
2023,Spring,Weekend,Leisure & Waterfront,42493,43982,1489,19508
2023,Spring,Weekend,Residential & Inner-Suburban Feeder,42988,41903,-1085,36357
2023,Summer,Weekday,Commercial & Employment Core,993141,983237,-9904,345151
2023,Summer,Weekday,Commuter-Heavy Transit Hub,65714,73926,8212,21600
2023,Summer,Weekday,Leisure & Waterfront,145207,158868,13661,74379
2023,Summer,Weekday,Residential & Inner-Suburban Feeder,238668,225691,-12977,149448
2023,Summer,Weekday,Unassigned,0,1,1,1
2023,Summer,Weekend,Commercial & Employment Core,351781,350912,-869,137387
2023,Summer,Weekend,Commuter-Heavy Transit Hub,10229,9827,-402,7302
2023,Summer,Weekend,Leisure & Waterfront,87609,92348,4739,32999
2023,Summer,Weekend,Residential & Inner-Suburban Feeder,87758,85261,-2497,57693
2023,Winter,Weekday,Commercial & Employment Core,319630,319277,-353,220978
2023,Winter,Weekday,Commuter-Heavy Transit Hub,27003,30770,3767,15946
2023,Winter,Weekday,Leisure & Waterfront,21749,22855,1106,24030
2023,Winter,Weekday,Residential & Inner-Suburban Feeder,66888,62248,-4640,71409
2023,Winter,Weekend,Commercial & Employment Core,112950,113212,262,88204
2023,Winter,Weekend,Commuter-Heavy Transit Hub,4296,4469,173,4659
2023,Winter,Weekend,Leisure & Waterfront,9901,10488,587,10449
2023,Winter,Weekend,Residential & Inner-Suburban Feeder,23019,22161,-858,26761
2024,Fall,Weekday,Commercial & Employment Core,1123091,1109587,-13504,368618
2024,Fall,Weekday,Commuter-Heavy Transit Hub,105003,123934,18931,30216
2024,Fall,Weekday,Leisure & Waterfront,111888,121130,9242,72941
2024,Fall,Weekday,Residential & Inner-Suburban Feeder,269536,253945,-15591,162566
2024,Fall,Weekend,Commercial & Employment Core,373008,373558,550,148448
2024,Fall,Weekend,Commuter-Heavy Transit Hub,15490,15424,-66,10317
2024,Fall,Weekend,Leisure & Waterfront,60266,63339,3073,31865
2024,Fall,Weekend,Residential & Inner-Suburban Feeder,90829,88316,-2513,62204
2024,Spring,Weekday,Commercial & Employment Core,682417,674896,-7521,314012
2024,Spring,Weekday,Commuter-Heavy Transit Hub,59868,69214,9346,25334
2024,Spring,Weekday,Leisure & Waterfront,82720,86405,3685,57912
2024,Spring,Weekday,Residential & Inner-Suburban Feeder,166368,160358,-6010,126528
2024,Spring,Weekend,Commercial & Employment Core,212149,212624,475,118741
2024,Spring,Weekend,Commuter-Heavy Transit Hub,8327,8142,-185,7302
2024,Spring,Weekend,Leisure & Waterfront,40005,41188,1183,23692
2024,Spring,Weekend,Residential & Inner-Suburban Feeder,53157,52047,-1110,45532
2024,Summer,Weekday,Commercial & Employment Core,1163809,1148121,-15688,380164
2024,Summer,Weekday,Commuter-Heavy Transit Hub,92305,105743,13438,30481
2024,Summer,Weekday,Leisure & Waterfront,177438,192000,14562,89524
2024,Summer,Weekday,Residential & Inner-Suburban Feeder,303661,290340,-13321,173579
2024,Summer,Weekend,Commercial & Employment Core,421132,421597,465,158724
2024,Summer,Weekend,Commuter-Heavy Transit Hub,14957,13696,-1261,10462
2024,Summer,Weekend,Leisure & Waterfront,98940,103504,4564,39928
2024,Summer,Weekend,Residential & Inner-Suburban Feeder,113890,111121,-2769,70755
2024,Winter,Weekday,Commercial & Employment Core,396546,392760,-3786,257782
2024,Winter,Weekday,Commuter-Heavy Transit Hub,36945,44625,7680,21613
2024,Winter,Weekday,Leisure & Waterfront,25367,27385,2018,29123
2024,Winter,Weekday,Residential & Inner-Suburban Feeder,85369,79291,-6078,87045
2024,Winter,Weekend,Commercial & Employment Core,110912,110885,-27,89106
2024,Winter,Weekend,Commuter-Heavy Transit Hub,4638,4830,192,5203
2024,Winter,Weekend,Leisure & Waterfront,9529,10271,742,10717
2024,Winter,Weekend,Residential & Inner-Suburban Feeder,23607,22869,-738,27869
2025,Fall,Weekday,Commercial & Employment Core,1177658,1161989,-15669,377917
2025,Fall,Weekday,Commuter-Heavy Transit Hub,118413,141051,22638,32620
2025,Fall,Weekday,Leisure & Waterfront,134246,141230,6984,86042
2025,Fall,Weekday,Residential & Inner-Suburban Feeder,282715,267492,-15223,165895
2025,Fall,Weekday,Unassigned,0,1,1,1
2025,Fall,Weekend,Commercial & Employment Core,404840,406951,2111,151681
2025,Fall,Weekend,Commuter-Heavy Transit Hub,17844,18366,522,11106
2025,Fall,Weekend,Leisure & Waterfront,74376,76970,2594,36896
2025,Fall,Weekend,Residential & Inner-Suburban Feeder,99719,95965,-3754,64199
2025,Spring,Weekday,Commercial & Employment Core,712953,704368,-8585,324516
2025,Spring,Weekday,Commuter-Heavy Transit Hub,70769,82643,11874,27804
2025,Spring,Weekday,Leisure & Waterfront,86190,91179,4989,60788
2025,Spring,Weekday,Residential & Inner-Suburban Feeder,180535,171720,-8815,132197
2025,Spring,Weekend,Commercial & Employment Core,234573,235504,931,129256
2025,Spring,Weekend,Commuter-Heavy Transit Hub,10065,10253,188,8610
2025,Spring,Weekend,Leisure & Waterfront,44276,45117,841,26639
2025,Spring,Weekend,Residential & Inner-Suburban Feeder,59183,57674,-1509,49758
2025,Summer,Weekday,Commercial & Employment Core,1390522,1372707,-17815,403608
2025,Summer,Weekday,Commuter-Heavy Transit Hub,118611,137526,18915,31667
2025,Summer,Weekday,Leisure & Waterfront,269053,283875,14822,120112
2025,Summer,Weekday,Residential & Inner-Suburban Feeder,369035,351868,-17167,191718
2025,Summer,Weekday,Unassigned,0,3,3,3
2025,Summer,Weekend,Commercial & Employment Core,531514,532469,955,170670
2025,Summer,Weekend,Commuter-Heavy Transit Hub,19618,18036,-1582,11423
2025,Summer,Weekend,Leisure & Waterfront,170046,175251,5205,55291
2025,Summer,Weekend,Residential & Inner-Suburban Feeder,146086,142647,-3439,80172
2025,Winter,Weekday,Commercial & Employment Core,312515,307693,-4822,231950
2025,Winter,Weekday,Commuter-Heavy Transit Hub,34577,40632,6055,21677
2025,Winter,Weekday,Leisure & Waterfront,17623,19244,1621,22052
2025,Winter,Weekday,Residential & Inner-Suburban Feeder,64133,61189,-2944,71385
2025,Winter,Weekend,Commercial & Employment Core,79103,79488,385,72236
2025,Winter,Weekend,Commuter-Heavy Transit Hub,3523,3737,214,4404
2025,Winter,Weekend,Leisure & Waterfront,5331,5920,589,7130
2025,Winter,Weekend,Residential & Inner-Suburban Feeder,16327,15243,-1084,20748
